Velocity (m/s),Deflection (deg),Aileron Torque (Nm),Elevator Torque (Nm),Rudder Torque (Nm)
7,-20.00,-0.346244,-0.198892,-0.168625
7,-19.50,-0.337588,-0.193919,-0.164410
7,-19.00,-0.328932,-0.188947,-0.160194
7,-18.50,-0.320276,-0.183975,-0.155979
7,-18.00,-0.311620,-0.179002,-0.151763
7,-17.50,-0.302964,-0.174030,-0.147547
7,-17.00,-0.294308,-0.169058,-0.143332
7,-16.50,-0.285652,-0.164086,-0.139116
7,-16.00,-0.276995,-0.159113,-0.134900
7,-15.50,-0.268339,-0.154141,-0.130685
7,-15.00,-0.259683,-0.149169,-0.126469
7,-14.50,-0.251027,-0.144196,-0.122253
7,-14.00,-0.242371,-0.139224,-0.118038
7,-13.50,-0.233715,-0.134252,-0.113822
7,-13.00,-0.225059,-0.129280,-0.109607
7,-12.50,-0.216403,-0.124307,-0.105391
7,-12.00,-0.207747,-0.119335,-0.101175
7,-11.50,-0.199090,-0.114363,-0.096960
7,-11.00,-0.190434,-0.109390,-0.092744
7,-10.50,-0.181778,-0.104418,-0.088528
7,-10.00,-0.173122,-0.099446,-0.084313
7,-9.50,-0.164466,-0.094474,-0.080097
7,-9.00,-0.155810,-0.089501,-0.075881
7,-8.50,-0.147154,-0.084529,-0.071666
7,-8.00,-0.138498,-0.079557,-0.067450
7,-7.50,-0.129842,-0.074584,-0.063235
7,-7.00,-0.121186,-0.069612,-0.059019
7,-6.50,-0.112529,-0.064640,-0.054803
7,-6.00,-0.103873,-0.059667,-0.050588
7,-5.50,-0.095217,-0.054695,-0.046372
7,-5.00,-0.086561,-0.049723,-0.042156
7,-4.50,-0.077905,-0.044751,-0.037941
7,-4.00,-0.069249,-0.039778,-0.033725
7,-3.50,-0.060593,-0.034806,-0.029509
7,-3.00,-0.051937,-0.029834,-0.025294
7,-2.50,-0.043281,-0.024861,-0.021078
7,-2.00,-0.034624,-0.019889,-0.016863
7,-1.50,-0.025968,-0.014917,-0.012647
7,-1.00,-0.017312,-0.009945,-0.008431
7,-0.50,-0.008656,-0.004972,-0.004216
7,0.00,0.000000,0.000000,0.000000
7,0.50,0.008656,0.004972,0.004216
7,1.00,0.017312,0.009945,0.008431
7,1.50,0.025968,0.014917,0.012647
7,2.00,0.034624,0.019889,0.016863
7,2.50,0.043281,0.024861,0.021078
7,3.00,0.051937,0.029834,0.025294
7,3.50,0.060593,0.034806,0.029509
7,4.00,0.069249,0.039778,0.033725
7,4.50,0.077905,0.044751,0.037941
7,5.00,0.086561,0.049723,0.042156
7,5.50,0.095217,0.054695,0.046372
7,6.00,0.103873,0.059667,0.050588
7,6.50,0.112529,0.064640,0.054803
7,7.00,0.121186,0.069612,0.059019
7,7.50,0.129842,0.074584,0.063235
7,8.00,0.138498,0.079557,0.067450
7,8.50,0.147154,0.084529,0.071666
7,9.00,0.155810,0.089501,0.075881
7,9.50,0.164466,0.094474,0.080097
7,10.00,0.173122,0.099446,0.084313
7,10.50,0.181778,0.104418,0.088528
7,11.00,0.190434,0.109390,0.092744
7,11.50,0.199090,0.114363,0.096960
7,12.00,0.207747,0.119335,0.101175
7,12.50,0.216403,0.124307,0.105391
7,13.00,0.225059,0.129280,0.109607
7,13.50,0.233715,0.134252,0.113822
7,14.00,0.242371,0.139224,0.118038
7,14.50,0.251027,0.144196,0.122253
7,15.00,0.259683,0.149169,0.126469
7,15.50,0.268339,0.154141,0.130685
7,16.00,0.276995,0.159113,0.134900
7,16.50,0.285652,0.164086,0.139116
7,17.00,0.294308,0.169058,0.143332
7,17.50,0.302964,0.174030,0.147547
7,18.00,0.311620,0.179002,0.151763
7,18.50,0.320276,0.183975,0.155979
7,19.00,0.328932,0.188947,0.160194
7,19.50,0.337588,0.193919,0.164410
7,20.00,0.346244,0.198892,0.168625
10,-20.00,-0.706621,-0.405901,-0.344134
10,-19.50,-0.688955,-0.395754,-0.335530
10,-19.00,-0.671290,-0.385606,-0.326927
10,-18.50,-0.653624,-0.375459,-0.318324
10,-18.00,-0.635959,-0.365311,-0.309720
10,-17.50,-0.618293,-0.355164,-0.301117
10,-17.00,-0.600628,-0.345016,-0.292514
10,-16.50,-0.582962,-0.334868,-0.283910
10,-16.00,-0.565297,-0.324721,-0.275307
10,-15.50,-0.547631,-0.314573,-0.266704
10,-15.00,-0.529966,-0.304426,-0.258100
10,-14.50,-0.512300,-0.294278,-0.249497
10,-14.00,-0.494635,-0.284131,-0.240894
10,-13.50,-0.476969,-0.273983,-0.232290
10,-13.00,-0.459304,-0.263836,-0.223687
10,-12.50,-0.441638,-0.253688,-0.215084
10,-12.00,-0.423973,-0.243541,-0.206480
10,-11.50,-0.406307,-0.233393,-0.197877
10,-11.00,-0.388642,-0.223246,-0.189273
10,-10.50,-0.370976,-0.213098,-0.180670
10,-10.00,-0.353311,-0.202951,-0.172067
10,-9.50,-0.335645,-0.192803,-0.163463
10,-9.00,-0.317979,-0.182656,-0.154860
10,-8.50,-0.300314,-0.172508,-0.146257
10,-8.00,-0.282648,-0.162360,-0.137653
10,-7.50,-0.264983,-0.152213,-0.129050
10,-7.00,-0.247317,-0.142065,-0.120447
10,-6.50,-0.229652,-0.131918,-0.111843
10,-6.00,-0.211986,-0.121770,-0.103240
10,-5.50,-0.194321,-0.111623,-0.094637
10,-5.00,-0.176655,-0.101475,-0.086033
10,-4.50,-0.158990,-0.091328,-0.077430
10,-4.00,-0.141324,-0.081180,-0.068827
10,-3.50,-0.123659,-0.071033,-0.060223
10,-3.00,-0.105993,-0.060885,-0.051620
10,-2.50,-0.088328,-0.050738,-0.043017
10,-2.00,-0.070662,-0.040590,-0.034413
10,-1.50,-0.052997,-0.030443,-0.025810
10,-1.00,-0.035331,-0.020295,-0.017207
10,-0.50,-0.017666,-0.010148,-0.008603
10,0.00,0.000000,0.000000,0.000000
10,0.50,0.017666,0.010148,0.008603
10,1.00,0.035331,0.020295,0.017207
10,1.50,0.052997,0.030443,0.025810
10,2.00,0.070662,0.040590,0.034413
10,2.50,0.088328,0.050738,0.043017
10,3.00,0.105993,0.060885,0.051620
10,3.50,0.123659,0.071033,0.060223
10,4.00,0.141324,0.081180,0.068827
10,4.50,0.158990,0.091328,0.077430
10,5.00,0.176655,0.101475,0.086033
10,5.50,0.194321,0.111623,0.094637
10,6.00,0.211986,0.121770,0.103240
10,6.50,0.229652,0.131918,0.111843
10,7.00,0.247317,0.142065,0.120447
10,7.50,0.264983,0.152213,0.129050
10,8.00,0.282648,0.162360,0.137653
10,8.50,0.300314,0.172508,0.146257
10,9.00,0.317979,0.182656,0.154860
10,9.50,0.335645,0.192803,0.163463
10,10.00,0.353311,0.202951,0.172067
10,10.50,0.370976,0.213098,0.180670
10,11.00,0.388642,0.223246,0.189273
10,11.50,0.406307,0.233393,0.197877
10,12.00,0.423973,0.243541,0.206480
10,12.50,0.441638,0.253688,0.215084
10,13.00,0.459304,0.263836,0.223687
10,13.50,0.476969,0.273983,0.232290
10,14.00,0.494635,0.284131,0.240894
10,14.50,0.512300,0.294278,0.249497
10,15.00,0.529966,0.304426,0.258100
10,15.50,0.547631,0.314573,0.266704
10,16.00,0.565297,0.324721,0.275307
10,16.50,0.582962,0.334868,0.283910
10,17.00,0.600628,0.345016,0.292514
10,17.50,0.618293,0.355164,0.301117
10,18.00,0.635959,0.365311,0.309720
10,18.50,0.653624,0.375459,0.318324
10,19.00,0.671290,0.385606,0.326927
10,19.50,0.688955,0.395754,0.335530
10,20.00,0.706621,0.405901,0.344134
15,-20.00,-1.589897,-0.913278,-0.774301
15,-19.50,-1.550150,-0.890446,-0.754943
15,-19.00,-1.510402,-0.867614,-0.735586
15,-18.50,-1.470655,-0.844782,-0.716228
15,-18.00,-1.430908,-0.821950,-0.696871
15,-17.50,-1.391160,-0.799118,-0.677513
15,-17.00,-1.351413,-0.776286,-0.658156
15,-16.50,-1.311665,-0.753454,-0.638798
15,-16.00,-1.271918,-0.730622,-0.619441
15,-15.50,-1.232170,-0.707790,-0.600083
15,-15.00,-1.192423,-0.684958,-0.580725
15,-14.50,-1.152676,-0.662126,-0.561368
15,-14.00,-1.112928,-0.639294,-0.542010
15,-13.50,-1.073181,-0.616462,-0.522653
15,-13.00,-1.033433,-0.593630,-0.503295
15,-12.50,-0.993686,-0.570799,-0.483938
15,-12.00,-0.953938,-0.547967,-0.464580
15,-11.50,-0.914191,-0.525135,-0.445223
15,-11.00,-0.874444,-0.502303,-0.425865
15,-10.50,-0.834696,-0.479471,-0.406508
15,-10.00,-0.794949,-0.456639,-0.387150
15,-9.50,-0.755201,-0.433807,-0.367793
15,-9.00,-0.715454,-0.410975,-0.348435
15,-8.50,-0.675706,-0.388143,-0.329078
15,-8.00,-0.635959,-0.365311,-0.309720
15,-7.50,-0.596211,-0.342479,-0.290363
15,-7.00,-0.556464,-0.319647,-0.271005
15,-6.50,-0.516717,-0.296815,-0.251648
15,-6.00,-0.476969,-0.273983,-0.232290
15,-5.50,-0.437222,-0.251151,-0.212933
15,-5.00,-0.397474,-0.228319,-0.193575
15,-4.50,-0.357727,-0.205487,-0.174218
15,-4.00,-0.317979,-0.182656,-0.154860
15,-3.50,-0.278232,-0.159824,-0.135503
15,-3.00,-0.238485,-0.136992,-0.116145
15,-2.50,-0.198737,-0.114160,-0.096788
15,-2.00,-0.158990,-0.091328,-0.077430
15,-1.50,-0.119242,-0.068496,-0.058073
15,-1.00,-0.079495,-0.045664,-0.038715
15,-0.50,-0.039747,-0.022832,-0.019358
15,0.00,0.000000,0.000000,0.000000
15,0.50,0.039747,0.022832,0.019358
15,1.00,0.079495,0.045664,0.038715
15,1.50,0.119242,0.068496,0.058073
15,2.00,0.158990,0.091328,0.077430
15,2.50,0.198737,0.114160,0.096788
15,3.00,0.238485,0.136992,0.116145
15,3.50,0.278232,0.159824,0.135503
15,4.00,0.317979,0.182656,0.154860
15,4.50,0.357727,0.205487,0.174218
15,5.00,0.397474,0.228319,0.193575
15,5.50,0.437222,0.251151,0.212933
15,6.00,0.476969,0.273983,0.232290
15,6.50,0.516717,0.296815,0.251648
15,7.00,0.556464,0.319647,0.271005
15,7.50,0.596211,0.342479,0.290363
15,8.00,0.635959,0.365311,0.309720
15,8.50,0.675706,0.388143,0.329078
15,9.00,0.715454,0.410975,0.348435
15,9.50,0.755201,0.433807,0.367793
15,10.00,0.794949,0.456639,0.387150
15,10.50,0.834696,0.479471,0.406508
15,11.00,0.874444,0.502303,0.425865
15,11.50,0.914191,0.525135,0.445223
15,12.00,0.953938,0.547967,0.464580
15,12.50,0.993686,0.570799,0.483938
15,13.00,1.033433,0.593630,0.503295
15,13.50,1.073181,0.616462,0.522653
15,14.00,1.112928,0.639294,0.542010
15,14.50,1.152676,0.662126,0.561368
15,15.00,1.192423,0.684958,0.580725
15,15.50,1.232170,0.707790,0.600083
15,16.00,1.271918,0.730622,0.619441
15,16.50,1.311665,0.753454,0.638798
15,17.00,1.351413,0.776286,0.658156
15,17.50,1.391160,0.799118,0.677513
15,18.00,1.430908,0.821950,0.696871
15,18.50,1.470655,0.844782,0.716228
15,19.00,1.510402,0.867614,0.735586
15,19.50,1.550150,0.890446,0.754943
15,20.00,1.589897,0.913278,0.774301
20,-20.00,-2.826484,-1.623605,-1.376534
20,-19.50,-2.755822,-1.583015,-1.342121
20,-19.00,-2.685160,-1.542425,-1.307708
20,-18.50,-2.614498,-1.501834,-1.273294
20,-18.00,-2.543836,-1.461244,-1.238881
20,-17.50,-2.473174,-1.420654,-1.204468
20,-17.00,-2.402511,-1.380064,-1.170054
20,-16.50,-2.331849,-1.339474,-1.135641
20,-16.00,-2.261187,-1.298884,-1.101228
20,-15.50,-2.190525,-1.258294,-1.066814
20,-15.00,-2.119863,-1.217704,-1.032401
20,-14.50,-2.049201,-1.177113,-0.997987
20,-14.00,-1.978539,-1.136523,-0.963574
20,-13.50,-1.907877,-1.095933,-0.929161
20,-13.00,-1.837215,-1.055343,-0.894747
20,-12.50,-1.766553,-1.014753,-0.860334
20,-12.00,-1.695890,-0.974163,-0.825921
20,-11.50,-1.625228,-0.933573,-0.791507
20,-11.00,-1.554566,-0.892983,-0.757094
20,-10.50,-1.483904,-0.852392,-0.722681
20,-10.00,-1.413242,-0.811802,-0.688267
20,-9.50,-1.342580,-0.771212,-0.653854
20,-9.00,-1.271918,-0.730622,-0.619441
20,-8.50,-1.201256,-0.690032,-0.585027
20,-8.00,-1.130594,-0.649442,-0.550614
20,-7.50,-1.059932,-0.608852,-0.516200
20,-7.00,-0.989269,-0.568262,-0.481787
20,-6.50,-0.918607,-0.527672,-0.447374
20,-6.00,-0.847945,-0.487081,-0.412960
20,-5.50,-0.777283,-0.446491,-0.378547
20,-5.00,-0.706621,-0.405901,-0.344134
20,-4.50,-0.635959,-0.365311,-0.309720
20,-4.00,-0.565297,-0.324721,-0.275307
20,-3.50,-0.494635,-0.284131,-0.240894
20,-3.00,-0.423973,-0.243541,-0.206480
20,-2.50,-0.353311,-0.202951,-0.172067
20,-2.00,-0.282648,-0.162360,-0.137653
20,-1.50,-0.211986,-0.121770,-0.103240
20,-1.00,-0.141324,-0.081180,-0.068827
20,-0.50,-0.070662,-0.040590,-0.034413
20,0.00,0.000000,0.000000,0.000000
20,0.50,0.070662,0.040590,0.034413
20,1.00,0.141324,0.081180,0.068827
20,1.50,0.211986,0.121770,0.103240
20,2.00,0.282648,0.162360,0.137653
20,2.50,0.353311,0.202951,0.172067
20,3.00,0.423973,0.243541,0.206480
20,3.50,0.494635,0.284131,0.240894
20,4.00,0.565297,0.324721,0.275307
20,4.50,0.635959,0.365311,0.309720
20,5.00,0.706621,0.405901,0.344134
20,5.50,0.777283,0.446491,0.378547
20,6.00,0.847945,0.487081,0.412960
20,6.50,0.918607,0.527672,0.447374
20,7.00,0.989269,0.568262,0.481787
20,7.50,1.059932,0.608852,0.516200
20,8.00,1.130594,0.649442,0.550614
20,8.50,1.201256,0.690032,0.585027
20,9.00,1.271918,0.730622,0.619441
20,9.50,1.342580,0.771212,0.653854
20,10.00,1.413242,0.811802,0.688267
20,10.50,1.483904,0.852392,0.722681
20,11.00,1.554566,0.892983,0.757094
20,11.50,1.625228,0.933573,0.791507
20,12.00,1.695890,0.974163,0.825921
20,12.50,1.766553,1.014753,0.860334
20,13.00,1.837215,1.055343,0.894747
20,13.50,1.907877,1.095933,0.929161
20,14.00,1.978539,1.136523,0.963574
20,14.50,2.049201,1.177113,0.997987
20,15.00,2.119863,1.217704,1.032401
20,15.50,2.190525,1.258294,1.066814
20,16.00,2.261187,1.298884,1.101228
20,16.50,2.331849,1.339474,1.135641
20,17.00,2.402511,1.380064,1.170054
20,17.50,2.473174,1.420654,1.204468
20,18.00,2.543836,1.461244,1.238881
20,18.50,2.614498,1.501834,1.273294
20,19.00,2.685160,1.542425,1.307708
20,19.50,2.755822,1.583015,1.342121
20,20.00,2.826484,1.623605,1.376534
